#,count,gender,name,probability
0,1021.0,male,Andreas,1.0
1,370.0,female,Marcia,1.0
2,257.0,male,Mathias,0.99
3,1234.0,female,Nikki,0.94
4,809.0,male,Timothy,1.0
5,96.0,male,Luka,0.95
6,1663.0,male,Jan,0.6
7,3139.0,male,Andy,0.95
8,47.0,male,Bernhard,1.0
9,4.0,male,Harith,1.0
10,15.0,male,Humphrey,1.0
11,4755.0,female,Anna,1.0
12,148.0,male,Jakob,0.99
13,1579.0,female,Janet,1.0
14,648.0,male,Matias,1.0
15,555.0,female,Vivian,0.96
16,3240.0,male,Dan,0.98
17,51.0,male,Helmut,1.0
18,48.0,female,Heike,0.98
19,2339.0,male,Christopher,1.0
20,381.0,male,Ernesto,1.0
21,1097.0,male,Philip,1.0
22,9.0,male,Naren,1.0
23,360.0,male,Michal,0.75
24,47.0,female,Sophy,1.0
25,166.0,female,Lillian,0.99
26,6359.0,male,James,0.99
27,814.0,female,Gail,1.0
28,11094.0,male,Michael,1.0
29,7953.0,female,Laura,1.0
30,441.0,female,Stella,1.0
31,2.0,male,Wilko,1.0
32,66.0,male,Mateusz,1.0
33,3957.0,male,Adam,1.0
34,,male,Traugott,1.0
35,431.0,female,Veronique,1.0
36,1459.0,male,Sebastian,1.0
37,2345.0,female,Carol,0.99
38,14.0,male,Emlyn,0.86
39,578.0,female,Katy,1.0
40,3753.0,male,Thomas,1.0
41,3336.0,male,Sam,0.76
42,288.0,male,Riccardo,1.0
43,812.0,female,Marianne,0.99
44,,,Han-wei,
45,854.0,male,Claudio,1.0
46,158.0,male,Sascha,1
47,11.0,male,Sergiu,1.0
48,2132.0,male,Gary,1.0
49,3679.0,male,Joe,0.99
50,80.0,male,Harald,1.0
51,999.0,female,Tamara,1.0
52,2098.0,male,George,0.99
53,1825.0,female,Sue,1.0
54,7.0,female,Claire-Lise,1.0
55,518.0,male,Franco,1.0
56,92.0,female,Helga,1.0
57,296.0,male,Howard,0.96
58,53.0,female,Imma,0.98
59,88.0,male,Sun,0.51
60,55.0,female,Franca,1.0
61,315.0,female,Hilary,0.87
62,137.0,male,Joachim,1.0
63,411.0,male,Antoine,1.0
64,2608.0,male,Stephen,1.0
65,123.0,female,Gema,0.95
66,2213.0,male,Joseph,0.99
67,56.0,female,Uma,0.96
68,,female,Frehiwot,1.0
69,1796.0,female,Jane,0.99
70,3821.0,male,Jose,0.99
71,3.0,female,Koraljka,1.0
72,1435.0,male,Ken,0.99
73,589.0,male,Armando,0.99
74,48.0,female,Jutta,1.0
75,2.0,female,Anne-Kathrin,1.0
76,136.0,female,Ariane,1.0
77,43.0,male,Zeljko,0.98
78,297.0,male,Mathew,0.99
79,2605.0,male,Dave,1.0
80,321.0,female,Brigitte,0.99
81,2.0,female,Liddy,1.0
82,14.0,female,Costanza,1.0
83,1790.0,male,Jon,1.0
84,1475.0,male,Benjamin,1.0
85,,female,Hsueh-hua,1.0
86,3337.0,female,Emma,1.0
87,3203.0,female,Susan,1.0
88,12593.0,male,David,1.0
89,11.0,female,Hella,1.0
90,53.0,male,Jean-Claude,0.98
91,,male,Wnhong,1.0
92,1107.0,female,Johanna,1.0
93,728.0,female,Alyssa,1.0
94,1519.0,female,Anita,1.0
95,,male,Baoping,1.0
96,192.0,male,Christoph,1.0
97,824.0,male,Ed,1.0
98,6717.0,female,Jennifer,1.0
99,3965.0,male,Steve,1.0
100,1086.0,female,Simone,0.55
101,5462.0,female,Karen,1.0
102,122.0,female,Aude,0.99
103,2.0,female,Fakhri,1.0
104,369.0,male,Sammy,1.0
105,1017.0,female,Joan,0.82
106,4110.0,male,Eric,1.0
107,2234.0,male,Victor,1.0
108,38.0,male,Sorin,1.0
109,12.0,male,Jacco,1.0
110,93.0,male,Hong,1.0
111,,male,Venkataraghavan,1.0
112,302.0,male,Magnus,1.0
113,8.0,male,Pertti,1.0
114,836.0,male,Hugo,1.0
115,237.0,female,Farah,0.93
116,51.0,male,Ahsan,1.0
117,6.0,male,Marcilio,1.0
118,4600.0,male,Brian,1.0
119,265.0,male,Stephan,1.0
122,3736.0,male,Tom,1.0
123,5.0,male,Henryk,1.0
124,1953.0,male,Nicolas,1.0
125,288.0,male,Boris,1.0
126,310.0,female,Karolina,1.0
127,138.0,female,Vivien,0.91
128,,male,Ya-ning,1.0
129,225.0,male,Gilles,1.0
130,,male,Sarantos,1.0
131,31.0,female,Vanda,1.0
132,,male,Jinhyeong,1.0
133,3182.0,female,Rebecca,1.0
134,3.0,male,York,1.0
135,53.0,female,Gudrun,1.0
136,69.0,male,Maarten,1.0
137,2.0,male,Guus,1.0
138,412.0,male,Markus,1.0
139,1453.0,female,Paola,0.98
140,379.0,female,Maja,0.99
141,83.0,female,Ceri,0.9
142,1220.0,male,Roger,1.0
143,,male,Ying-Hsang,1.0
145,1523.0,male,Jean,1.0
146,140.0,male,Timo,1.0
147,,female,Julaine,1.0
148,3621.0,female,Ana,0.99
149,22.0,male,Jian,1.0
150,61.0,male,Liu,1.0
151,2885.0,female,Diana,0.99
152,1816.0,male,Craig,1.0
153,311.0,female,Elin,1.0
154,463.0,female,Stefanie,1.0
155,1649.0,female,Diane,0.99
156,59.0,female,Dimitra,0.98
157,165.0,female,Laurel,1.0
158,4373.0,male,Peter,1.0
159,176.0,male,Piotr,1.0
160,2.0,female,Cressida,1.0
161,2457.0,female,Caroline,1.0
162,1791.0,female,Louise,1.0
163,611.0,male,Douglas,1.0
164,98.0,male,Alistair,1.0
165,198.0,male,Johannes,1.0
166,10.0,male,Achille,1.0
167,186.0,male,Mikko,1.0
168,1015.0,male,Edward,1.0
169,4323.0,female,Linda,1.0
170,558.0,female,Susanne,1.0
171,77.0,female,Valentine,0.88
172,397.0,female,Janine,1.0
173,2787.0,female,Monica,1.0
174,1410.0,male,Jake,0.99
175,2548.0,male,Christian,0.99
176,20.0,male,Sheng,0.65
177,35.0,male,Manos,0.97
178,143.0,female,Caterina,0.99
179,207.0,male,Kai,0.87
180,5168.0,male,Andrew,1.0
181,11.0,male,Marat,1.0
182,2877.0,male,Patrick,1.0
183,45.0,male,Michiel,1.0
184,6.0,female,Bolette,1.0
185,5794.0,female,Andrea,0.79
186,97.0,male,Eko,0.99
187,1.0,male,Dagobert,1.0
188,205.0,male,Philipp,1.0
189,3.0,male,Sachit,1.0
190,299.0,male,Vladimir,1.0
191,78.0,female,Margherita,0.99
192,65.0,female,Montserrat,1.0
193,4755.0,male,Ryan,0.99
194,48.0,female,Dorte,1.0
195,,male,Hsiung-ming,1.0
196,449.0,male,Roman,1.0
197,,male,Seonghun,1.0
198,265.0,male,Yves,0.98
199,2716.0,female,Nancy,1.0
200,3568.0,male,Martin,1.0
201,1060.0,male,Johan,1.0
202,1916.0,female,Carmen,1.0
203,1715.0,female,Eva,1.0
204,6696.0,female,Jessica,1.0
205,373.0,male,Seth,1.0
206,4.0,female,Widad,1.0
207,1.0,male,Murtha,1.0
208,748.0,female,Liliana,0.99
209,304.0,female,Aida,0.99
210,,male,Jae-wook,1.0
211,146.0,male,Terence,1.0
212,493.0,male,Donald,1.0
213,657.0,male,Felix,1.0
214,1173.0,female,Leslie,0.88
215,290.0,male,Francois,1.0
216,,male,Agis,1.0
217,1983.0,female,Cristina,1.0
218,46.0,male,Xia,0.98
219,100,male,Francois,1.0
220,100,male,Dennis,1.0
221,100,female,Emma,1.0
222,100,female,Lois,1.0
223,100,male,James,1.0
224,100,female,Judith,1.0
225,100,male,Piotr,1.0
226,100,male,Adam,1.0
227,100,male,Tomasz,1.0
